Sales_Person_Key,Product_Key,Country_Key,Date_Key,Revenue,Boxes_Shipped,Revenue_Per_Box
22,22,1,20220415,14749,354,41.66
9,7,5,20220620,7910,87,90.92
11,7,4,20220817,4389,126,34.83
12,12,5,20220615,392,102,3.84
6,4,3,20220209,8148,85,95.86
5,16,2,20220824,3836,71,54.03
1,8,4,20220623,4557,308,14.80
19,8,6,20220824,2653,314,8.45
9,13,1,20220728,12586,6,2097.67
8,17,2,20220107,1687,520,3.24
25,1,2,20220113,2170,218,9.95
17,15,1,20220425,10220,508,20.12
2,11,1,20220509,280,75,3.73
7,2,1,20220311,7714,44,175.32
23,8,6,20220209,2499,271,9.22
11,18,5,20220112,3136,125,25.09
24,21,6,20220622,8799,47,187.21
8,14,6,20220119,5929,175,33.88
10,14,6,20220513,18991,88,215.81
1,21,6,20220705,1652,72,22.94
8,8,1,20220323,6188,223,27.75
5,12,4,20220118,5677,21,270.33
5,16,4,20220311,7413,4,1853.25
25,21,5,20220825,4879,22,221.77
21,8,3,20220304,8687,100,86.87
20,3,5,20220510,5775,41,140.85
22,22,3,20220509,651,224,2.91
13,6,3,20220307,1435,112,12.81
14,14,1,20220727,15057,212,71.02
7,10,4,20220603,1617,13,124.38
3,15,1,20220425,2401,78,30.78
22,8,3,20220715,2919,65,44.91
9,5,2,20220620,3052,447,6.83
25,2,5,20220727,6832,156,43.79
17,4,1,20220223,1379,107,12.89
15,21,5,20220511,3171,220,14.41
21,10,1,20220613,2107,175,12.04
16,2,3,20220715,441,24,18.38
19,19,3,20220103,7154,348,20.56
21,3,6,20220331,2282,178,12.82
1,22,6,20220822,5481,69,79.43
3,13,5,20220118,4669,101,46.23
13,16,6,20220629,6384,2,3192.00
5,22,6,20220826,7357,341,21.57
22,9,1,20220815,868,125,6.94
1,4,1,20220310,3703,11,336.64
9,3,6,20220826,2002,214,9.36
16,15,6,20220707,5502,64,85.97
23,7,3,20220216,8799,250,35.20
10,12,2,20220413,4753,151,31.48
16,14,1,20220707,6657,154,43.23
18,8,5,20220302,12271,116,105.78
19,6,3,20220721,4858,488,9.95
17,13,4,20220509,10724,203,52.83
6,7,1,20220516,2807,252,11.14
23,3,5,20220126,6790,356,19.07
11,4,6,20220427,14238,54,263.67
21,6,6,20220114,7133,118,60.45
7,8,3,20220624,6615,137,48.28
20,21,4,20220705,9492,151,62.86
19,8,5,20220602,4438,227,19.55
25,16,3,20220128,5033,178,28.28
17,6,3,20220422,11550,111,104.05
14,17,4,20220707,1099,92,11.95
7,14,4,20220707,8673,60,144.55
14,19,3,20220801,7119,101,70.49
16,2,5,20220114,2611,65,40.17
20,7,6,20220307,10808,407,26.56
11,20,3,20220824,15547,269,57.80
15,12,1,20220428,1288,27,47.70
10,11,2,20220110,6489,146,44.45
15,18,2,20220509,6454,157,41.11
10,14,4,20220614,8484,57,148.84
19,8,2,20220131,13482,15,898.80
11,19,4,20220630,7588,42,180.67
25,15,2,20220809,18032,205,87.96
12,9,2,20220225,3549,76,46.70
2,8,4,20220629,5670,64,88.59
10,15,2,20220719,2205,179,12.32
21,11,5,20220325,5460,286,19.09
19,11,5,20220420,6678,148,45.12
19,4,4,20220614,8169,88,92.83
24,5,6,20220311,721,251,2.87
17,9,2,20220728,2086,384,5.43
22,16,1,20220215,15652,53,295.32
19,19,6,20220607,7924,275,28.81
12,7,6,20220826,301,65,4.63
20,18,1,20220315,658,77,8.55
12,3,5,20220707,1743,111,15.70
24,9,2,20220105,2541,27,94.11
18,22,3,20220623,2058,126,16.33
8,4,1,20220203,1379,138,9.99
12,4,1,20220228,7042,37,190.32
22,17,5,20220811,2303,67,34.37
9,3,3,20220214,4067,42,96.83
23,8,5,20220516,700,457,1.53
25,18,4,20220615,7231,130,55.62
24,17,2,20220314,6496,168,38.67
6,2,3,20220517,6776,312,21.72
16,13,2,20220225,1953,242,8.07
7,14,6,20220531,9625,313,30.75
25,14,3,20220513,5691,495,11.50
16,17,5,20220214,5250,47,111.70
20,22,5,20220314,5740,31,185.16
12,2,5,20220406,623,283,2.20
20,15,3,20220801,10885,90,120.94
6,14,3,20220307,9338,11,848.91
24,8,6,20220112,5250,293,17.92
2,22,2,20220222,2583,159,16.25
9,21,3,20220322,420,3,140.00
18,2,5,20220114,2317,195,11.88
9,6,3,20220224,8617,46,187.33
19,7,6,20220211,14336,293,48.93
14,2,3,20220712,9884,200,49.42
22,12,3,20220602,210,16,13.13
13,9,5,20220822,9527,222,42.91
21,17,5,20220408,6832,306,22.33
11,21,1,20220211,5271,341,15.46
18,1,3,20220728,1309,30,43.63
1,5,3,20220203,10969,170,64.52
23,1,2,20220524,3066,96,31.94
14,1,2,20220727,3395,99,34.29
12,3,6,20220712,4858,52,93.42
8,13,5,20220630,3185,34,93.68
24,16,5,20220222,17626,103,171.13
12,12,4,20220711,6426,98,65.57
12,14,3,20220602,4991,166,30.07
14,16,2,20220126,15491,85,182.25
10,19,6,20220719,3549,112,31.69
14,8,5,20220322,3010,40,75.25
16,15,4,20220311,6972,89,78.34
7,10,5,20220426,11389,26,438.04
4,16,2,20220303,8155,96,84.95
7,4,3,20220427,8757,338,25.91
5,12,5,20220105,5579,92,60.64
7,22,2,20220414,6832,46,148.52
9,7,6,20220725,4263,90,47.37
19,2,6,20220523,1554,65,23.91
24,12,1,20220627,4382,361,12.14
15,9,6,20220830,1750,252,6.94
20,5,1,20220811,17465,271,64.45
23,12,3,20220214,10332,180,57.40
10,4,1,20220127,7595,181,41.96
10,14,5,20220103,3745,170,22.03
14,5,5,20220822,2786,51,54.63
24,3,6,20220412,1197,356,3.36
16,10,5,20220113,5012,384,13.05
2,14,5,20220125,5768,119,48.47
21,17,3,20220822,5845,172,33.98
3,8,2,20220704,9275,411,22.57
19,22,1,20220630,14504,21,690.67
22,9,6,20220125,7798,196,39.79
3,11,2,20220715,11837,277,42.73
13,8,1,20220419,1736,13,133.54
19,3,4,20220304,4935,39,126.54
14,21,5,20220321,6818,102,66.84
10,13,1,20220328,4151,296,14.02
7,22,4,20220513,4550,281,16.19
2,17,1,20220114,1848,227,8.14
1,8,3,20220719,10185,303,33.61
5,13,6,20220126,10479,45,232.87
4,14,2,20220419,19327,135,143.16
16,13,1,20220104,2534,219,11.57
5,20,2,20220211,3500,145,24.14
11,17,4,20220623,5705,350,16.30
18,17,5,20220324,3080,73,42.19
21,11,1,20220216,6790,188,36.12
14,18,4,20220824,679,280,2.43
25,7,2,20220222,13503,251,53.80
19,13,6,20220725,1155,66,17.50
16,17,6,20220627,1946,164,11.87
21,11,6,20220511,6272,86,72.93
2,21,5,20220511,5523,87,63.48
25,18,2,20220414,4641,413,11.24
1,22,5,20220527,9268,100,92.68
4,3,5,20220628,3472,311,11.16
11,20,6,20220607,1687,236,7.15
8,18,2,20220606,3640,106,34.34
11,21,5,20220302,1043,202,5.16
7,14,1,20220304,3577,158,22.64
25,6,1,20220822,1904,8,238.00
24,11,1,20220722,9037,102,88.60
13,7,6,20220110,3563,284,12.55
20,4,4,20220316,4571,140,32.65
17,21,2,20220815,12327,330,37.35
20,9,1,20220525,2044,90,22.71
6,2,1,20220221,3003,155,19.37
5,22,4,20220518,9226,415,22.23
3,22,1,20220520,3339,18,185.50
23,20,6,20220304,3010,69,43.62
21,18,2,20220124,12173,301,40.44
24,4,6,20220615,3780,201,18.81
20,3,3,20220128,8491,75,113.21
14,10,2,20220104,8064,134,60.18
22,9,4,20220506,2597,177,14.67
9,16,4,20220627,4046,103,39.28
1,3,5,20220107,2303,33,69.79
22,2,4,20220728,168,156,1.08
6,8,4,20220509,4312,211,20.44
19,3,3,20220104,8204,204,40.22
9,12,4,20220117,2996,88,34.05
16,13,5,20220225,10486,198,52.96
17,17,3,20220117,252,237,1.06
14,14,6,20220113,4704,62,75.87
15,17,3,20220119,9772,301,32.47
11,19,6,20220602,2926,300,9.75
10,4,3,20220114,2723,425,6.41
5,22,2,20220707,4221,9,469.00
4,13,5,20220107,4676,84,55.67
18,12,1,20220309,5852,93,62.92
10,6,6,20220610,10983,179,61.36
10,6,5,20220405,13076,236,55.41
2,22,4,20220809,1127,176,6.40
9,11,3,20220624,6342,282,22.49
25,13,5,20220704,2835,102,27.79
11,4,1,20220610,1743,69,25.26
5,19,6,20220415,161,145,1.11
18,22,5,20220317,602,72,8.36
11,14,3,20220316,9870,121,81.57
17,9,5,20220126,6979,3,2326.33
8,2,1,20220726,6454,160,40.34
4,22,1,20220315,2996,139,21.55
11,3,4,20220715,7623,85,89.68
22,11,3,20220812,3094,159,19.46
21,6,3,20220118,10213,135,75.65
6,11,6,20220817,5691,171,33.28
3,16,6,20220526,4977,317,15.70
23,10,4,20220607,63,60,1.05
24,1,6,20220706,9744,157,62.06
3,15,5,20220519,3654,14,261.00
1,11,3,20220607,2100,78,26.92
24,4,5,20220704,3199,122,26.22
25,3,1,20220525,16233,138,117.63
5,3,6,20220721,6965,163,42.73
11,16,4,20220118,9058,229,39.55
24,18,3,20220214,5894,305,19.32
15,1,6,20220517,8309,166,50.05
25,2,6,20220127,5754,133,43.26
22,7,1,20220127,4389,7,627.00
23,15,4,20220830,11200,22,509.09
19,8,4,20220302,3374,202,16.70
10,20,5,20220727,11298,41,275.56
24,17,3,20220713,4515,172,26.25
6,3,5,20220704,3647,76,47.99
6,4,4,20220401,49,97,0.51
25,5,5,20220104,12516,212,59.04
25,21,6,20220412,5299,167,31.73
3,8,1,20220623,5908,301,19.63
7,5,1,20220812,8001,120,66.68
21,17,6,20220121,18697,176,106.23
23,14,5,20220125,10507,467,22.50
1,1,1,20220203,385,78,4.94
22,15,4,20220628,6069,55,110.35
2,22,5,20220330,6524,303,21.53
4,2,6,20220712,455,174,2.61
1,17,2,20220729,8190,109,75.14
20,6,4,20220615,5061,301,16.81
23,9,5,20220620,1827,6,304.50
4,14,3,20220801,2660,12,221.67
7,7,5,20220621,7672,254,30.20
10,5,5,20220113,5810,101,57.52
9,5,6,20220324,2443,20,122.15
4,19,5,20220214,9114,140,65.10
9,9,2,20220721,10500,106,99.06
6,8,2,20220314,8337,12,694.75
13,15,5,20220826,2541,53,47.94
15,21,6,20220113,10815,145,74.59
2,19,5,20220708,8001,151,52.99
16,5,6,20220516,2485,97,25.62
15,20,3,20220815,3381,408,8.29
4,15,4,20220512,5404,187,28.90
6,13,4,20220418,7483,183,40.89
20,19,1,20220711,2317,464,4.99
8,17,4,20220707,147,72,2.04
10,20,3,20220822,2639,406,6.50
24,8,5,20220614,3402,182,18.69
17,11,2,20220216,9107,73,124.75
21,12,5,20220620,7434,85,87.46
7,7,4,20220112,4494,187,24.03
4,21,2,20220704,7154,342,20.92
12,3,4,20220131,2016,277,7.28
21,2,6,20220127,2317,224,10.34
22,1,2,20220706,6090,149,40.87
13,6,4,20220413,9436,11,857.82
15,9,5,20220704,6993,31,225.58
14,13,4,20220325,3164,84,37.67
14,10,6,20220803,9345,133,70.26
21,15,1,20220622,483,259,1.86
17,2,5,20220719,91,135,0.67
8,1,2,20220314,3297,149,22.13
3,16,4,20220613,1162,190,6.12
1,1,4,20220113,5558,127,43.76
6,18,6,20220324,1421,284,5.00
7,3,4,20220217,15316,270,56.73
10,15,4,20220530,1218,149,8.17
17,4,4,20220804,2030,146,13.90
3,15,4,20220808,15099,55,274.53
6,10,3,20220209,1652,186,8.88
21,8,1,20220803,70,27,2.59
18,12,3,20220324,13888,203,68.41
6,9,1,20220425,3990,155,25.74
22,15,2,20220330,945,83,11.39
18,8,6,20220113,2107,121,17.41
11,2,4,20220216,8302,131,63.37
13,17,4,20220504,483,228,2.12
6,21,3,20220405,5887,268,21.97
21,10,4,20220701,7728,37,208.86
21,14,6,20220608,9016,554,16.27
14,3,5,20220126,994,105,9.47
23,1,6,20220516,2506,100,25.06
6,19,2,20220530,8911,543,16.41
11,11,6,20220415,2156,260,8.29
9,21,2,20220315,1897,44,43.11
1,21,3,20220329,4291,1,4291.00
7,11,3,20220607,12425,167,74.40
17,19,6,20220810,5768,235,24.54
9,16,5,20220113,2674,295,9.06
20,2,3,20220110,2702,24,112.58
1,2,2,20220128,2219,142,15.63
24,18,5,20220304,5222,384,13.60
5,4,1,20220516,7742,138,56.10
8,22,5,20220607,679,56,12.13
5,3,5,20220705,10794,50,215.88
7,7,6,20220711,6468,223,29.00
20,3,4,20220104,371,229,1.62
17,12,5,20220823,280,311,0.90
20,13,5,20220131,2758,18,153.22
20,1,1,20220630,11718,84,139.50
6,5,4,20220222,5313,215,24.71
5,13,5,20220801,4326,154,28.09
14,13,3,20220302,5096,142,35.89
21,1,3,20220812,6055,73,82.95
3,18,5,20220429,6048,477,12.68
2,8,1,20220413,2296,59,38.92
3,10,4,20220125,11564,24,481.83
18,17,4,20220809,7175,145,49.48
13,14,5,20220211,4158,109,38.15
10,11,4,20220803,8379,173,48.43
13,21,4,20220225,3171,246,12.89
4,12,3,20220404,4193,195,21.50
11,19,2,20220615,6839,56,122.13
18,15,1,20220630,7007,135,51.90
17,16,2,20220414,1260,239,5.27
6,1,5,20220624,4466,74,60.35
23,13,6,20220810,3486,121,28.81
23,12,5,20220422,1435,258,5.56
8,12,1,20220217,4816,145,33.21
1,14,4,20220125,3990,169,23.61
17,20,5,20220413,1645,284,5.79
10,2,6,20220329,973,28,34.75
2,11,2,20220707,4501,91,49.46
10,17,1,20220530,4753,163,29.16
17,13,6,20220103,9310,282,33.01
8,17,5,20220302,6916,288,24.01
5,18,6,20220216,5397,239,22.58
6,20,3,20220511,5873,249,23.59
13,11,1,20220523,1162,18,64.56
9,17,2,20220627,13706,207,66.21
1,12,5,20220630,15421,55,280.38
5,20,5,20220408,2058,72,28.58
4,10,4,20220110,4074,469,8.69
1,12,1,20220128,9058,46,196.91
15,7,1,20220302,854,56,15.25
11,11,2,20220127,22050,208,106.01
2,2,3,20220706,3549,82,43.28
20,2,5,20220713,7091,194,36.55
11,8,2,20220415,11298,313,36.10
25,15,3,20220217,10241,259,39.54
17,13,1,20220809,3822,320,11.94
4,15,2,20220118,273,402,0.68
5,8,5,20220725,7350,6,1225.00
13,15,1,20220511,2632,108,24.37
6,12,1,20220614,5509,24,229.54
7,8,5,20220506,721,151,4.77
8,21,4,20220413,7609,150,50.73
20,12,1,20220504,1414,318,4.45
18,13,6,20220307,7,84,0.08
10,8,6,20220614,2989,124,24.10
10,3,4,20220708,8624,50,172.48
18,12,4,20220610,9205,419,21.97
17,1,5,20220513,1456,91,16.00
22,16,4,20220302,4326,61,70.92
10,1,1,20220225,7798,167,46.69
22,5,6,20220207,4753,389,12.22
16,8,2,20220705,3472,135,25.72
20,7,1,20220512,777,60,12.95
25,7,5,20220727,1981,52,38.10
4,3,3,20220222,791,22,35.95
23,9,2,20220609,10325,147,70.24
13,21,2,20220726,819,213,3.85
3,9,1,20220610,4515,392,11.52
9,2,3,20220615,4900,709,6.91
5,11,6,20220812,7756,85,91.25
11,6,6,20220530,4221,395,10.69
21,7,5,20220609,4046,89,45.46
23,3,4,20220524,6678,226,29.55
8,2,2,20220704,7532,234,32.19
18,10,1,20220217,1267,157,8.07
2,6,4,20220628,8267,272,30.39
13,9,1,20220322,6328,51,124.08
6,16,5,20220505,6797,252,26.97
13,2,2,20220307,3948,142,27.80
23,15,1,20220823,12404,334,37.14
21,14,4,20220412,7,518,0.01
6,22,6,20220128,12635,194,65.13
3,10,1,20220211,1274,244,5.22
22,4,2,20220627,3122,149,20.95
9,9,4,20220301,5229,182,28.73
12,5,4,20220422,3836,59,65.02
5,20,1,20220607,5446,132,41.26
19,10,2,20220223,6307,142,44.42
10,22,1,20220523,6069,151,40.19
7,3,6,20220630,7980,157,50.83
25,18,1,20220414,1694,21,80.67
8,1,5,20220530,4879,350,13.94
22,13,5,20220126,10822,168,64.42
15,17,6,20220705,3507,380,9.23
2,20,1,20220302,12313,103,119.54
9,13,6,20220131,4725,137,34.49
18,10,4,20220628,6867,183,37.52
7,21,4,20220610,4361,40,109.03
13,19,3,20220610,4844,539,8.99
6,10,2,20220322,10647,173,61.54
16,21,4,20220311,2800,241,11.62
22,4,1,20220512,11095,401,27.67
20,7,2,20220421,1526,96,15.90
5,21,1,20220504,12250,213,57.51
8,21,5,20220824,8715,168,51.88
2,14,1,20220722,2583,126,20.50
25,11,6,20220110,15330,30,511.00
7,10,2,20220608,11137,88,126.56
6,11,2,20220211,10283,21,489.67
17,21,4,20220615,7014,60,116.90
12,16,2,20220822,1309,51,25.67
20,5,5,20220111,13846,421,32.89
14,22,5,20220119,6916,259,26.70
11,3,3,20220726,574,217,2.65
10,17,4,20220309,1561,44,35.48
5,3,2,20220126,4781,38,125.82
16,11,5,20220624,5691,38,149.76
7,22,5,20220217,1043,120,8.69
12,7,1,20220715,5012,93,53.89
23,9,6,20220422,8463,155,54.60
1,3,3,20220310,1141,205,5.57
21,6,5,20220112,2765,264,10.47
20,10,3,20220810,2527,216,11.70
16,5,2,20220606,2086,74,28.19
19,21,6,20220512,9037,101,89.48
4,9,3,20220506,721,203,3.55
5,18,3,20220124,10927,141,77.50
4,21,6,20220201,1540,73,21.10
23,8,1,20220728,2450,352,6.96
15,9,3,20220117,3696,233,15.86
10,12,4,20220825,8939,4,2234.75
25,19,6,20220304,2681,149,17.99
20,14,1,20220512,11781,91,129.46
7,13,6,20220125,13685,176,77.76
11,10,4,20220214,3556,18,197.56
15,19,4,20220127,497,475,1.05
22,19,4,20220131,5334,227,23.50
3,6,1,20220321,16401,179,91.63
23,18,1,20220627,2275,115,19.78
8,19,2,20220316,476,125,3.81
19,10,1,20220523,2366,5,473.20
13,16,4,20220131,1316,107,12.30
13,21,3,20220303,3381,72,46.96
11,20,1,20220104,14525,92,157.88
9,8,5,20220713,644,137,4.70
5,20,3,20220720,3458,294,11.76
18,21,3,20220811,7560,15,504.00
19,1,4,20220405,6559,158,41.51
2,12,4,20220404,10976,121,90.71
4,2,1,20220207,5187,142,36.53
8,14,4,20220311,10633,277,38.39
25,6,6,20220628,70,103,0.68
8,7,5,20220224,7910,125,63.28
16,21,3,20220125,4627,136,34.02
8,2,6,20220420,1792,23,77.91
21,3,3,20220329,5684,81,70.17
16,12,6,20220513,8589,229,37.51
7,20,6,20220317,9324,41,227.41
21,18,1,20220512,4018,100,40.18
23,7,5,20220525,735,390,1.88
16,18,6,20220414,5565,258,21.57
10,4,6,20220606,11319,12,943.25
19,9,3,20220811,308,125,2.46
11,20,2,20220405,9625,78,123.40
22,8,6,20220406,3647,310,11.76
18,1,5,20220125,3752,424,8.85
14,6,5,20220803,4396,131,33.56
15,11,2,20220509,4522,5,904.40
8,4,6,20220801,3640,3,1213.33
10,9,2,20220113,3472,96,36.17
11,10,3,20220805,5327,183,29.11
1,12,4,20220426,1687,147,11.48
21,18,5,20220208,6706,223,30.07
20,16,2,20220323,13573,138,98.36
2,21,2,20220413,1393,172,8.10
12,19,5,20220414,2030,11,184.55
6,7,3,20220713,609,32,19.03
8,9,5,20220323,7273,547,13.30
23,2,2,20220715,6055,46,131.63
23,5,3,20220111,13447,95,141.55
25,21,4,20220615,5509,321,17.16
16,21,6,20220629,1862,284,6.56
10,9,4,20220118,4914,31,158.52
2,14,4,20220110,700,97,7.22
12,20,2,20220822,2933,233,12.59
21,9,5,20220228,7672,115,66.71
20,9,6,20220324,6188,270,22.92
14,2,5,20220221,11550,396,29.17
13,1,1,20220128,6986,368,18.98
14,9,6,20220427,1379,70,19.70
15,18,3,20220131,5131,285,18.00
4,8,4,20220127,9765,85,114.88
2,1,6,20220110,5642,9,626.89
2,18,6,20220621,840,81,10.37
15,12,5,20220128,7959,53,150.17
6,7,4,20220302,5446,116,46.95
9,14,4,20220614,3115,42,74.17
1,15,4,20220523,2100,157,13.38
14,5,1,20220609,2863,58,49.36
23,14,3,20220228,14287,370,38.61
10,18,4,20220214,8603,352,24.44
8,17,1,20220602,938,16,58.63
9,1,3,20220627,3213,72,44.63
12,6,4,20220711,3724,234,15.91
18,16,3,20220701,7756,410,18.92
19,3,2,20220118,3955,134,29.51
19,14,3,20220708,1155,79,14.62
6,15,4,20220414,4844,275,17.61
24,4,4,20220211,1225,84,14.58
1,7,6,20220302,3864,430,8.99
6,2,2,20220531,4494,11,408.55
25,14,4,20220118,1015,27,37.59
16,8,5,20220114,5194,418,12.43
13,4,5,20220307,14658,275,53.30
12,8,1,20220418,4501,131,34.36
5,18,4,20220222,13356,93,143.61
4,10,3,20220616,854,118,7.24
17,16,1,20220221,5292,248,21.34
2,12,3,20220614,5782,103,56.14
12,19,2,20220113,4179,276,15.14
14,8,6,20220216,10150,68,149.26
24,11,5,20220427,12726,342,37.21
11,10,2,20220706,10906,94,116.02
15,20,6,20220302,4333,43,100.77
23,5,5,20220804,3192,109,29.28
25,19,2,20220225,1540,100,15.40
2,9,2,20220621,3493,68,51.37
3,22,5,20220823,6342,178,35.63
22,21,1,20220824,4592,2,2296.00
5,17,1,20220315,4571,430,10.63
23,18,2,20220601,448,146,3.07
25,13,1,20220725,6769,353,19.18
7,15,5,20220630,6944,27,257.19
6,9,3,20220308,6237,88,70.88
11,9,4,20220404,490,49,10.00
7,10,1,20220207,5691,417,13.65
3,11,6,20220719,4872,126,38.67
11,11,4,20220304,889,273,3.26
11,14,5,20220516,7490,54,138.70
2,6,2,20220512,4935,73,67.60
14,13,6,20220629,12446,150,82.97
12,6,5,20220511,4284,94,45.57
4,18,2,20220705,2282,44,51.86
23,21,5,20220627,2240,166,13.49
22,18,5,20220624,238,317,0.75
22,21,2,20220117,7483,232,32.25
4,18,3,20220131,2303,7,329.00
5,18,5,20220415,3710,260,14.27
10,19,2,20220316,4361,81,53.84
15,15,1,20220808,378,54,7.00
12,16,4,20220819,11662,242,48.19
9,15,6,20220711,3577,134,26.69
23,20,2,20220224,3577,261,13.70
17,10,5,20220117,8225,91,90.38
4,16,4,20220126,3220,265,12.15
18,16,2,20220808,4256,67,63.52
13,15,4,20220606,7714,106,72.77
24,5,2,20220801,13727,79,173.76
2,10,1,20220121,10829,54,200.54
13,3,4,20220701,5075,256,19.82
20,2,4,20220111,4109,197,20.86
15,21,1,20220713,2030,60,33.83
5,20,6,20220524,10164,134,75.85
8,15,6,20220623,3997,228,17.53
22,2,2,20220531,4795,233,20.58
8,16,2,20220728,2870,120,23.92
25,7,1,20220707,14301,130,110.01
13,10,5,20220629,5439,287,18.95
17,5,5,20220607,3605,68,53.01
5,7,3,20220426,3612,82,44.05
9,3,2,20220516,19929,174,114.53
16,6,3,20220405,3584,200,17.92
9,1,6,20220606,10689,204,52.40
12,14,5,20220104,2226,46,48.39
9,15,4,20220524,1722,121,14.23
23,5,4,20220803,1372,144,9.53
20,9,3,20220315,455,45,10.11
9,19,1,20220214,987,21,47.00
8,2,4,20220310,15855,111,142.84
9,20,2,20220413,5733,114,50.29
13,7,5,20220729,2779,104,26.72
4,1,5,20220713,2912,75,38.83
3,14,5,20220303,7406,118,62.76
20,16,4,20220405,6454,417,15.48
7,2,2,20220721,16380,130,126.00
10,13,2,20220722,10766,157,68.57
11,20,5,20220408,1470,167,8.80
21,7,1,20220615,15491,58,267.09
7,3,3,20220705,1232,74,16.65
7,6,1,20220725,4340,86,50.47
23,22,1,20220419,14798,83,178.29
17,6,1,20220810,273,210,1.30
10,13,6,20220113,8113,194,41.82
16,7,6,20220503,12068,227,53.16
4,16,1,20220824,4802,296,16.22
15,12,2,20220404,4340,226,19.20
20,7,5,20220609,10038,286,35.10
9,8,3,20220512,13685,58,235.95
15,5,6,20220429,3038,135,22.50
9,5,5,20220511,13258,32,414.31
15,4,5,20220628,8897,188,47.32
25,4,1,20220128,6020,147,40.95
4,13,3,20220707,12586,7,1798.00
14,14,5,20220530,3969,243,16.33
25,22,1,20220112,672,194,3.46
22,18,2,20220523,5075,344,14.75
10,8,1,20220615,1064,106,10.04
18,17,3,20220804,2744,200,13.72
20,4,2,20220318,784,129,6.08
17,22,1,20220103,3437,46,74.72
16,10,3,20220113,1848,27,68.44
8,11,3,20220408,7532,44,171.18
14,12,1,20220118,2604,65,40.06
5,11,3,20220705,14763,113,130.65
1,16,2,20220112,7413,465,15.94
21,11,3,20220704,3269,176,18.57
1,19,2,20220104,6566,99,66.32
19,5,5,20220809,329,109,3.02
11,11,5,20220314,10199,68,149.99
17,8,5,20220512,3108,252,12.33
11,5,3,20220321,7462,371,20.11
8,20,6,20220524,9506,212,44.84
13,22,5,20220425,8400,27,311.11
7,1,5,20220215,6034,223,27.06
18,1,4,20220105,5173,129,40.10
2,7,3,20220210,3052,116,26.31
15,17,4,20220804,6433,7,919.00
2,21,3,20220711,6587,4,1646.75
7,15,2,20220705,8981,130,69.08
4,11,6,20220301,15008,165,90.96
19,4,2,20220530,301,421,0.71
23,21,6,20220630,6475,76,85.20
23,21,3,20220715,9275,173,53.61
4,6,2,20220523,1547,170,9.10
4,9,5,20220325,5796,55,105.38
9,18,5,20220110,7063,104,67.91
13,15,3,20220420,1428,424,3.37
24,12,2,20220504,2912,55,52.95
18,3,2,20220603,7196,160,44.98
2,15,6,20220623,12362,94,131.51
21,9,1,20220822,7623,10,762.30
23,2,4,20220112,1141,518,2.20
21,20,6,20220803,8022,123,65.22
22,22,5,20220823,994,57,17.44
3,13,4,20220826,2268,42,54.00
4,6,6,20220207,1666,106,15.72
16,21,1,20220607,6559,119,55.12
22,12,4,20220207,1218,135,9.02
17,19,1,20220415,16982,76,223.45
24,12,3,20220725,8904,199,44.74
25,22,3,20220614,2800,45,62.22
15,13,5,20220826,3087,128,24.12
1,21,1,20220505,7420,163,45.52
2,17,6,20220329,8029,175,45.88
1,15,1,20220825,12761,47,271.51
16,22,1,20220304,7154,133,53.79
5,22,5,20220713,6321,88,71.83
13,1,3,20220512,4214,35,120.40
11,14,2,20220803,8043,18,446.83
6,5,6,20220404,14028,351,39.97
23,4,3,20220510,8722,109,80.02
13,22,2,20220302,1400,2,700.00
11,4,2,20220216,1190,256,4.65
20,14,6,20220426,546,142,3.85
15,2,6,20220314,3003,113,26.58
11,3,2,20220308,16569,99,167.36
18,14,2,20220302,3752,70,53.60
16,1,2,20220830,10122,100,101.22
7,13,2,20220527,10255,11,932.27
10,7,4,20220114,7490,315,23.78
23,14,1,20220324,2317,352,6.58
10,7,3,20220208,2436,309,7.88
18,14,6,20220322,749,148,5.06
4,7,5,20220214,6979,18,387.72
22,21,5,20220105,7357,48,153.27
25,1,3,20220413,4781,125,38.25
8,21,1,20220307,9422,22,428.27
20,14,3,20220317,1750,479,3.65
18,3,1,20220810,2331,321,7.26
16,7,5,20220318,8659,29,298.59
19,6,5,20220330,9744,377,25.85
4,10,1,20220711,1603,264,6.07
7,12,3,20220114,1869,158,11.83
8,7,2,20220415,966,107,9.03
25,1,6,20220525,105,125,0.84
14,20,4,20220607,2093,45,46.51
21,8,5,20220802,8995,78,115.32
18,19,2,20220728,2471,202,12.23
7,9,3,20220519,6111,591,10.34
22,9,3,20220420,3479,358,9.72
1,16,6,20220707,3724,316,11.78
24,14,2,20220803,11298,89,126.94
23,7,2,20220415,1869,323,5.79
25,3,4,20220117,637,313,2.04
5,14,6,20220304,14539,84,173.08
9,8,2,20220513,5103,129,39.56
1,6,4,20220224,5474,239,22.90
8,6,4,20220408,1358,106,12.81
2,18,5,20220818,1372,105,13.07
15,17,1,20220408,11571,180,64.28
22,3,3,20220715,2415,312,7.74
11,16,6,20220408,2688,209,12.86
6,17,2,20220622,2576,112,23.00
1,15,5,20220210,8498,44,193.14
11,7,1,20220721,2408,157,15.34
24,6,6,20220818,3388,212,15.98
2,5,3,20220128,1505,47,32.02
22,16,2,20220715,10990,184,59.73
5,5,1,20220822,5621,140,40.15
13,14,3,20220321,1939,98,19.79
11,1,2,20220413,11788,73,161.48
10,3,5,20220516,273,174,1.57
8,5,3,20220526,3073,302,10.18
17,10,2,20220812,910,204,4.46
3,11,4,20220721,1582,62,25.52
10,11,3,20220308,6594,91,72.46
14,19,4,20220520,13083,14,934.50
13,8,2,20220531,588,139,4.23
20,3,1,20220718,12656,126,100.44
7,4,6,20220415,7315,237,30.86
7,3,2,20220708,6181,56,110.38
11,16,5,20220221,9660,92,105.00
9,2,6,20220404,5803,136,42.67
2,7,1,20220616,476,133,3.58
4,17,1,20220413,14147,235,60.20
2,8,6,20220718,8197,69,118.80
21,7,2,20220502,2905,91,31.92
9,10,2,20220411,6167,4,1541.75
21,16,5,20220517,4403,159,27.69
8,14,3,20220317,8099,118,68.64
18,10,3,20220405,13405,12,1117.08
12,2,6,20220518,3388,55,61.60
1,9,4,20220328,6713,31,216.55
8,17,3,20220113,16702,198,84.35
7,15,4,20220201,3381,417,8.11
9,20,3,20220819,2282,296,7.71
25,2,4,20220606,1582,100,15.82
18,17,1,20220815,3738,261,14.32
6,15,5,20220708,4200,80,52.50
9,19,5,20220517,5936,59,100.61
19,1,5,20220425,3192,175,18.24
21,19,6,20220520,10192,67,152.12
18,20,6,20220630,5775,135,42.78
10,5,1,20220126,8470,9,941.11
22,18,3,20220624,7714,597,12.92
8,12,3,20220620,826,149,5.54
2,17,4,20220121,5600,181,30.94
13,1,5,20220801,7882,125,63.06
13,20,5,20220318,15750,92,171.20
2,2,5,20220727,2807,139,20.19
2,12,1,20220524,2821,112,25.19
13,4,3,20220323,3577,178,20.10
21,3,1,20220311,2380,22,108.18
18,2,1,20220509,3843,5,768.60
20,12,2,20220729,952,24,39.67
25,12,5,20220606,8575,23,372.83
8,4,2,20220607,9408,138,68.17
4,4,5,20220712,854,136,6.28
25,20,5,20220525,5124,62,82.65
10,10,5,20220623,13125,275,47.73
25,6,4,20220614,14980,42,356.67
20,14,2,20220707,2975,9,330.56
24,19,3,20220802,9541,114,83.69
19,16,4,20220215,8848,211,41.93
24,20,2,20220812,2541,134,18.96
25,6,3,20220809,6930,182,38.08
22,5,4,20220405,5012,189,26.52
16,4,3,20220623,3857,512,7.53
21,15,3,20220406,1729,31,55.77
22,8,5,20220117,6678,708,9.43
11,13,2,20220216,455,96,4.74
22,6,2,20220704,2443,581,4.20
6,3,3,20220110,4032,82,49.17
17,22,4,20220210,5845,91,64.23
1,4,3,20220630,7602,18,422.33
7,1,1,20220519,6440,141,45.67
23,15,3,20220216,6139,45,136.42
5,7,4,20220329,12558,403,31.16
20,21,6,20220803,7238,265,27.31
5,19,4,20220201,3374,151,22.34
4,7,2,20220405,3437,201,17.10
5,4,5,20220415,6713,398,16.87
15,9,2,20220209,4956,58,85.45
22,14,3,20220119,3017,184,16.40
1,8,6,20220128,581,65,8.94
21,13,3,20220624,1288,409,3.15
8,4,5,20220429,11116,432,25.73
20,5,6,20220117,2275,275,8.27
17,21,5,20220705,6055,93,65.11
11,14,6,20220711,5663,110,51.48
2,13,1,20220602,784,249,3.15
9,22,6,20220316,6538,79,82.76
24,15,2,20220525,4760,418,11.39
8,13,2,20220628,2303,244,9.44
9,8,4,20220711,3626,10,362.60
16,16,6,20220104,5320,180,29.56
15,10,6,20220825,4697,42,111.83
10,5,6,20220610,252,154,1.64
20,20,3,20220113,10479,118,88.81
19,15,5,20220823,4186,233,17.97
3,13,2,20220802,203,207,0.98
19,21,3,20220214,4067,29,140.24
1,19,1,20220329,3318,299,11.10
25,9,4,20220711,4690,299,15.69
3,2,2,20220808,469,163,2.88
16,11,6,20220224,13685,184,74.38
17,16,5,20220801,6790,25,271.60
24,10,2,20220412,1939,520,3.73
11,9,3,20220110,1876,172,10.91
7,22,6,20220408,4599,323,14.24
8,1,1,20220127,5180,233,22.23
10,19,3,20220223,1372,614,2.23
1,21,5,20220704,8113,370,21.93
2,12,6,20220406,1232,86,14.33
13,8,6,20220221,5502,99,55.58
15,10,2,20220822,2492,33,75.52
16,7,4,20220518,2478,188,13.18
6,6,1,20220722,9583,315,30.42
25,13,3,20220518,16793,416,40.37
7,5,4,20220425,11823,47,251.55
2,1,3,20220201,9989,49,203.86
6,8,1,20220211,10458,316,33.09
21,20,3,20220518,3164,164,19.29
11,18,1,20220511,4571,122,37.47
7,9,2,20220825,5663,322,17.59
10,17,2,20220711,2639,179,14.74
11,19,5,20220117,8757,162,54.06
24,3,4,20220302,1799,207,8.69
23,10,6,20220217,8680,252,34.44
18,8,3,20220104,3024,23,131.48
13,9,2,20220412,10437,46,226.89
25,11,5,20220819,301,205,1.47
8,9,6,20220125,4606,57,80.81
16,11,2,20220414,28,446,0.06
20,15,5,20220405,6881,420,16.38
20,11,6,20220207,8925,158,56.49
25,16,1,20220525,10577,150,70.51
2,9,5,20220412,7252,136,53.32
20,13,2,20220623,6888,311,22.15
24,19,2,20220704,84,153,0.55
2,4,5,20220309,574,156,3.68
1,22,1,20220412,9282,101,91.90
8,7,3,20220707,16016,28,572.00
3,15,2,20220504,9023,51,176.92
16,8,4,20220420,3990,59,67.63
4,1,3,20220324,4865,70,69.50
15,6,5,20220315,7161,92,77.84
15,8,5,20220819,14889,52,286.33
22,10,3,20220802,6328,47,134.64
4,10,2,20220620,161,134,1.20
11,21,6,20220103,3269,226,14.46
12,14,1,20220118,504,87,5.79
19,18,3,20220408,10262,15,684.13
8,13,3,20220815,4830,50,96.60
18,9,1,20220503,6916,42,164.67
20,2,1,20220510,2191,138,15.88
23,11,4,20220223,10822,30,360.73
16,2,6,20220203,7140,438,16.30
4,11,4,20220315,1533,434,3.53
22,12,2,20220126,168,321,0.52
24,1,2,20220311,4466,22,203.00
21,19,1,20220721,5593,122,45.84
4,8,5,20220629,504,232,2.17
11,9,5,20220705,4116,128,32.16
22,6,1,20220201,10171,67,151.81
9,9,6,20220629,5474,109,50.22
19,11,3,20220216,1127,319,3.53
22,10,5,20220517,4410,323,13.65
19,11,4,20220620,959,265,3.62
3,22,4,20220404,4746,137,34.64
11,15,6,20220628,14924,12,1243.67
20,13,6,20220530,12187,27,451.37
16,14,3,20220711,5460,138,39.57
20,3,2,20220127,8428,216,39.02
9,15,2,20220801,7896,94,84.00
7,13,3,20220801,3605,403,8.95
16,20,6,20220422,4270,185,23.08
20,22,1,20220118,6524,257,25.39
9,1,2,20220614,6426,390,16.48
18,22,4,20220824,630,52,12.12
8,5,4,20220623,2912,110,26.47
23,10,2,20220421,3339,171,19.53
13,4,4,20220201,6510,23,283.04
22,1,6,20220630,6839,133,51.42
22,1,5,20220708,7294,128,56.98
1,17,4,20220419,10024,84,119.33
12,20,1,20220606,9457,6,1576.17
9,8,1,20220113,9737,160,60.86
17,20,4,20220104,5733,348,16.47
22,2,1,20220629,112,223,0.50
2,2,6,20220630,5782,42,137.67
21,18,4,20220324,7231,38,190.29
15,9,1,20220707,4025,112,35.94
5,9,1,20220318,8883,200,44.42
21,4,6,20220629,1960,191,10.26
9,13,5,20220117,112,128,0.88
3,4,3,20220217,7770,54,143.89
1,13,4,20220524,8134,195,41.71
6,14,1,20220405,3017,140,21.55
8,9,2,20220419,5334,80,66.68
17,1,6,20220728,16114,96,167.85
8,13,1,20220818,7714,238,32.41
24,11,2,20220104,8092,178,45.46
21,1,5,20220222,4102,392,10.46
12,17,2,20220804,12026,262,45.90
5,21,4,20220822,10794,51,211.65
23,2,3,20220705,994,118,8.42
2,18,1,20220114,7364,196,37.57
13,20,3,20220711,4781,241,19.84
23,21,4,20220324,7126,7,1018.00
17,18,6,20220620,1267,216,5.87
10,10,3,20220103,3528,336,10.50
2,10,3,20220704,11956,277,43.16
14,9,4,20220207,19481,51,381.98
8,2,5,20220504,1288,60,21.47
4,12,2,20220707,5243,176,29.79
14,2,1,20220620,8526,73,116.79
6,1,4,20220328,2723,67,40.64
5,12,6,20220105,8512,189,45.04
24,6,4,20220728,1589,271,5.86
14,12,3,20220824,483,185,2.61
25,14,2,20220527,5964,26,229.38
5,1,1,20220531,10143,24,422.63
22,19,3,20220302,3346,304,11.01
17,22,3,20220803,4347,238,18.26
7,22,3,20220616,1750,208,8.41
12,8,5,20220803,10031,114,87.99
13,2,6,20220527,3423,100,34.23
1,2,3,20220418,6237,247,25.25
4,12,6,20220624,10927,136,80.35
3,19,5,20220502,3178,16,198.63
24,16,3,20220401,1064,211,5.04
8,22,2,20220616,8183,254,32.22
4,15,6,20220608,1085,172,6.31
1,22,4,20220729,6468,66,98.00
24,21,5,20220727,3472,32,108.50
19,19,1,20220502,8393,46,182.46
14,21,1,20220816,4704,126,37.33
4,17,5,20220811,63,105,0.60
8,13,6,20220812,3507,114,30.76
19,17,2,20220117,952,68,14.00
20,18,5,20220207,5859,108,54.25
7,7,1,20220614,1736,79,21.97
23,3,2,20220623,1036,20,51.80
16,7,3,20220221,7203,12,600.25
4,11,3,20220519,4935,63,78.33
25,10,6,20220525,2352,58,40.55
6,9,2,20220610,4382,303,14.46
7,14,2,20220207,10101,108,93.53
16,4,5,20220323,13706,26,527.15
12,1,4,20220315,9198,144,63.88
25,5,4,20220712,5978,24,249.08
2,7,6,20220517,1365,232,5.88
9,6,1,20220531,2317,102,22.72
5,16,5,20220502,2751,153,17.98
6,2,5,20220512,12565,102,123.19
5,10,5,20220307,7182,408,17.60
2,5,6,20220516,9023,409,22.06
7,6,5,20220126,3906,76,51.39
5,1,3,20220822,7602,102,74.53
25,9,2,20220429,1351,61,22.15
8,10,1,20220429,77,69,1.12
6,17,4,20220525,8001,10,800.10
13,6,1,20220704,5425,96,56.51
6,11,1,20220225,1736,137,12.67
1,16,4,20220221,6440,145,44.41
12,5,5,20220125,2961,154,19.23
23,21,2,20220704,1813,296,6.13
8,12,6,20220629,13006,482,26.98
14,14,2,20220506,1638,81,20.22
24,2,5,20220218,2821,24,117.54
25,10,2,20220128,1302,33,39.45
9,18,3,20220602,7077,77,91.91
15,19,6,20220415,14938,433,34.50
6,4,2,20220627,4053,19,213.32
3,19,4,20220617,4137,347,11.92
25,22,2,20220530,6328,164,38.59
8,14,2,20220201,2464,8,308.00
23,21,1,20220311,5292,134,39.49
18,5,2,20220318,2191,524,4.18
9,5,4,20220322,9660,24,402.50
10,11,1,20220615,693,350,1.98
13,9,3,20220113,1442,286,5.04
25,9,5,20220627,6888,88,78.27
19,17,3,20220511,2163,70,30.90
18,12,5,20220615,6013,21,286.33
12,17,5,20220527,3325,26,127.88
16,4,1,20220728,364,170,2.14
18,20,4,20220801,13062,62,210.68
7,20,2,20220214,49,363,0.13
7,17,6,20220718,2345,104,22.55
3,6,5,20220317,637,169,3.77
4,8,6,20220308,3374,142,23.76
14,17,2,20220302,4739,204,23.23
12,15,4,20220802,1827,117,15.62
19,15,1,20220405,8911,82,108.67
18,8,2,20220809,12992,83,156.53
12,9,4,20220311,3311,22,150.50
21,8,6,20220221,3143,67,46.91
18,10,6,20220216,12488,200,62.44
9,14,2,20220606,5376,38,141.47
22,18,4,20220802,126,40,3.15
1,5,2,20220818,6454,141,45.77
20,15,2,20220630,4515,22,205.23
16,9,2,20220224,8771,127,69.06
24,13,2,20220523,9100,187,48.66
19,9,2,20220516,2149,84,25.58
12,2,1,20220614,1029,98,10.50
15,3,5,20220208,938,158,5.94
18,9,6,20220413,3619,164,22.07
24,4,1,20220629,980,146,6.71
25,17,2,20220616,5747,45,127.71
18,10,2,20220513,6510,170,38.29
10,7,5,20220728,2464,387,6.37
12,17,1,20220425,392,30,13.07
16,17,4,20220414,1512,73,20.71
5,11,4,20220128,5152,333,15.47
25,10,5,20220509,6223,256,24.31
13,6,6,20220615,8379,43,194.86
25,3,5,20220715,4263,264,16.15
20,8,5,20220401,7287,12,607.25
1,8,1,20220414,13034,117,111.40
21,10,2,20220831,5614,137,40.98
9,12,1,20220705,6279,235,26.72
4,17,4,20220405,7959,30,265.30
24,19,6,20220802,3094,468,6.61
23,6,2,20220506,9835,167,58.89
9,3,5,20220810,19453,14,1389.50
8,6,1,20220216,17318,87,199.06
6,14,2,20220810,5103,140,36.45
5,15,5,20220616,1575,329,4.79
8,10,4,20220811,658,65,10.12
16,14,6,20220824,1463,113,12.95
3,2,3,20220303,12481,264,47.28
25,16,4,20220801,63,181,0.35
25,10,3,20220304,8106,101,80.26
17,12,1,20220713,2898,276,10.50
15,13,1,20220221,9534,111,85.89
20,16,3,20220408,1694,289,5.86
15,22,2,20220615,9954,154,64.64
8,3,1,20220721,9870,152,64.93
23,11,1,20220818,13930,339,41.09
5,15,3,20220217,7504,101,74.30
15,11,4,20220216,2058,236,8.72
7,21,6,20220627,1715,286,6.00
14,10,3,20220502,2520,156,16.15
19,12,1,20220715,1456,359,4.06
11,3,1,20220728,7721,14,551.50
23,14,4,20220519,2387,59,40.46
18,22,6,20220811,6811,344,19.80
1,19,5,20220729,2933,55,53.33
7,18,6,20220316,6223,181,34.38
21,9,4,20220120,12894,48,268.63
19,2,5,20220628,1603,48,33.40
23,14,6,20220504,4403,76,57.93
24,16,4,20220630,18340,285,64.35
9,22,3,20220317,1267,130,9.75
4,20,3,20220818,5859,7,837.00
17,16,6,20220714,2443,216,11.31
3,21,1,20220818,9681,24,403.38
2,1,5,20220817,910,117,7.78
1,6,3,20220825,3402,249,13.66
2,4,4,20220516,8204,307,26.72
18,13,5,20220818,7952,235,33.84
9,17,1,20220726,630,264,2.39
3,21,6,20220103,9982,187,53.38
18,6,6,20220627,6762,46,147.00
23,16,4,20220609,4361,97,44.96
3,18,3,20220727,9716,151,64.34
12,12,3,20220808,3437,181,18.99
15,4,2,20220630,4361,40,109.03
